Stanislav,661018195,/sum 12 12Stanislav,661018195,/timeStanislav,661018195,/time
Stanislav,661018195,/hi
Stanislav,661018195,/sum 12 12
Stanislav,661018195,/time
Stanislav,661018195,/sum 2 3
Stanislav,661018195,/div 6 2
Stanislav,661018195,/sub 62
Stanislav,661018195,/sub 4 3
Stanislav,661018195,/calc 12+12
Stanislav,661018195,/calc 12+12
Stanislav,661018195,/calc 12 + 12
Stanislav,661018195,/calc 12+12
Stanislav,661018195,/calc 2+2
Stanislav,661018195,/calc 1+1
Stanislav,661018195,/calc 1+1
Stanislav,661018195,/time
Stanislav,661018195,/calc 1+1
Stanislav,661018195,/calc (1+1)*2/7
Stanislav,661018195,/calc (1+1)*2/7
Роман,864101142,/calc 2/3
Vasiliy,1360132772,/calc 4+((2+3)*7)
Stanislav,661018195,/help
Stanislav,661018195,/help
Stanislav,661018195,/time
Stanislav,661018195,/calc (1+1)/1*5
Stanislav,661018195,/calc 2+2
Stanislav,661018195,/calc (2+2)/2
Stanislav,661018195,/help
Stanislav,661018195,/hi
Stanislav,661018195,/hi
Stanislav,661018195,/hi
Stanislav,661018195,/help
Stanislav,661018195,/hi
Stanislav,661018195,/temp Москва
Stanislav,661018195,/hi
Stanislav,661018195,/temp Москва
Stanislav,661018195,/hi
Stanislav,661018195,/help
Stanislav,661018195,/hi
Stanislav,661018195,/help
Stanislav,661018195,/help
Stanislav,661018195,/calc 2+2
Stanislav,661018195,/calc (4/2)*3
Stanislav,661018195,/help
Stanislav,661018195,/help
Stanislav,661018195,/h
Stanislav,661018195,/help
Stanislav,661018195,/hi
Stanislav,661018195,/help
Stanislav,661018195,/hi
Stanislav,661018195,/hi
Stanislav,661018195,/hi
Stanislav,661018195,/hi
Stanislav,661018195,/hi
Stanislav,661018195,/hi
Stanislav,661018195,/hi
Stanislav,661018195,/hi
Stanislav,661018195,/hi
Stanislav,661018195,/hi
Stanislav,661018195,/hi
Stanislav,661018195,/hi
Stanislav,661018195,/help
